id;title;start_time;end_time
1;secured line pink;2020-03-11T08:58:06;2020-03-10T22:22:04
2;Re-engineered;2020-03-11T11:37:25;2020-03-11T13:14:07
3;compressing;2020-03-11T21:11:17;2020-03-11T06:04:02
4;Manager bluetooth tan;2020-03-11T02:43:36;2020-03-11T05:24:09
5;Soft;2020-03-11T07:10:16;2020-03-11T00:03:25
6;Outdoors back-end;2020-03-11T18:29:14;2020-03-11T08:56:05
7;incentivize pixel;2020-03-11T08:41:47;2020-03-11T10:48:04
8;Neck Liaison;2020-03-11T07:37:08;2020-03-11T17:08:47
9;lime Egypt Wooden;2020-03-11T03:16:46;2020-03-11T09:03:26
10;infrastructures Benin navigating;2020-03-11T05:18:20;2020-03-11T16:20:54
